{
  "PH_LUZON_NORTH": {
    "mean_": [
      0.7525888756328378,
      1.5051714466918888,
      3.010319481976228,
      6.020547125209855,
      12.040360345230278,
      18.059240148257423,
      6.304571452581583e-06,
      -0.030979334801850337,
      0.4400125611302985,
      1.3183788929853497,
      1.3183374567446071,
      1.3182545842631221,
      1.318088839300152,
      0.2594398208423822,
      6.411222899552665e-17,
      3.2340480579456044e-05,
      -0.03395401571091733,
      -0.001785525550047984,
      0.05258562142233433,
      491.10324203012755,
      5.132450438213512,
      0.07354225283787717,
      18.884835548656252
    ],
    "scale_": [
      0.5141683977790334,
      1.0248078224980666,
      2.0389813505926986,
      4.038677255863852,
      7.911210634289042,
      11.599311401356674,
      0.08508856886833586,
      0.9900551956144543,
      0.04970885656669608,
      2.1717588454860657,
      2.1717616403213236,
      2.1717672276093007,
      2.171778392655186,
      0.36276496209059783,
      0.7070953470075377,
      0.7071182144411097,
      0.7024227742887115,
      0.710947384042,
      0.2232047800607354,
      47.11989665578826,
      26.968250529707007,
      0.4863774385635693,
      8.234321209082925
    ],
    "feature_cols": [
      "precip_mm_3h",
      "rain_6h",
      "rain_12h",
      "rain_24h",
      "rain_48h",
      "rain_72h",
      "rain_delta",
      "rain_anomaly",
      "soil_moisture",
      "discharge_lag_3h",
      "discharge_lag_6h",
      "discharge_lag_12h",
      "discharge_lag_24h",
      "discharge_ratio",
      "hour_sin",
      "hour_cos",
      "month_sin",
      "month_cos",
      "typhoon_active",
      "typhoon_dist_km",
      "typhoon_wind_kmh",
      "typhoon_category",
      "hours_to_landfall"
    ]
  },
  "PH_LUZON_CENTRAL": {
    "mean_": [
      0.7525888756328378,
      1.5051714466918888,
      3.010319481976228,
      6.020547125209855,
      12.040360345230278,
      18.059240148257423,
      6.304571452581583e-06,
      -0.030979334801850337,
      0.3044165406505155,
      22.5641463325895,
      22.56282694204586,
      22.56018816095857,
      22.554910598783998,
      0.2536055194225545,
      6.411222899552665e-17,
      3.2340480579456044e-05,
      -0.03395401571091733,
      -0.001785525550047984,
      0.04737880404902817,
      492.149940034976,
      4.2782574949063745,
      0.05876265321302675,
      19.02254131496394
    ],
    "scale_": [
      0.5141683977790334,
      1.0248078224980666,
      2.0389813505926986,
      4.038677255863852,
      7.911210634289042,
      11.599311401356674,
      0.08508856886833586,
      0.9900551956144543,
      0.10391668651152887,
      36.161890826855895,
      36.161642588470514,
      36.16114596216795,
      36.1601521114069,
      0.37945258052982556,
      0.7070953470075377,
      0.7071182144411097,
      0.7024227742887115,
      0.710947384042,
      0.2124477652881102,
      42.98801937677238,
      23.688856454789676,
      0.4199138984709083,
      6.177712948636424
    ],
    "feature_cols": [
      "precip_mm_3h",
      "rain_6h",
      "rain_12h",
      "rain_24h",
      "rain_48h",
      "rain_72h",
      "rain_delta",
      "rain_anomaly",
      "soil_moisture",
      "discharge_lag_3h",
      "discharge_lag_6h",
      "discharge_lag_12h",
      "discharge_lag_24h",
      "discharge_ratio",
      "hour_sin",
      "hour_cos",
      "month_sin",
      "month_cos",
      "typhoon_active",
      "typhoon_dist_km",
      "typhoon_wind_kmh",
      "typhoon_category",
      "hours_to_landfall"
    ]
  },
  "PH_VISAYAS": {
    "mean_": [
      0.7525888756328378,
      1.5051714466918888,
      3.010319481976228,
      6.020547125209855,
      12.040360345230278,
      18.059240148257423,
      6.304571452581583e-06,
      -0.030979334801850337,
      0.3655180033735006,
      6.635472251867663,
      6.63523828870347,
      6.634770362375085,
      6.633834509718314,
      0.4074340214982524,
      6.411222899552665e-17,
      3.2340480579456044e-05,
      -0.03395401571091733,
      -0.001785525550047984,
      0.03835580996733611,
      493.624373727639,
      2.9666537304744347,
      0.038161767083858864,
      19.325345234630188
    ],
    "scale_": [
      0.5141683977790334,
      1.0248078224980666,
      2.0389813505926986,
      4.038677255863852,
      7.911210634289042,
      11.599311401356674,
      0.08508856886833586,
      0.9900551956144543,
      0.07288910258606644,
      6.289055392889979,
      6.289132796663533,
      6.289287575242284,
      6.289597016536346,
      0.3186667724101345,
      0.7070953470075377,
      0.7071182144411097,
      0.7024227742887115,
      0.710947384042,
      0.19205374718834758,
      40.17982362116549,
      20.110277491439245,
      0.36177468964055626,
      4.882961318998174
    ],
    "feature_cols": [
      "precip_mm_3h",
      "rain_6h",
      "rain_12h",
      "rain_24h",
      "rain_48h",
      "rain_72h",
      "rain_delta",
      "rain_anomaly",
      "soil_moisture",
      "discharge_lag_3h",
      "discharge_lag_6h",
      "discharge_lag_12h",
      "discharge_lag_24h",
      "discharge_ratio",
      "hour_sin",
      "hour_cos",
      "month_sin",
      "month_cos",
      "typhoon_active",
      "typhoon_dist_km",
      "typhoon_wind_kmh",
      "typhoon_category",
      "hours_to_landfall"
    ]
  },
  "PH_MINDANAO": {
    "mean_": [
      0.7525888756328378,
      1.5051714466918888,
      3.010319481976228,
      6.020547125209855,
      12.040360345230278,
      18.059240148257423,
      6.304571452581583e-06,
      -0.030979334801850337,
      0.4029437247371578,
      1.9552306684777336,
      1.9552251099576339,
      1.9552139929174348,
      1.9551917588370362,
      0.3467708936326235,
      6.411222899552665e-17,
      3.2340480579456044e-05,
      -0.03395401571091733,
      -0.001785525550047984,
      0.02060088612916788,
      496.53382416531105,
      1.14568416286666,
      0.010284272824294168,
      19.528993240839558
    ],
    "scale_": [
      0.5141683977790334,
      1.0248078224980666,
      2.0389813505926986,
      4.038677255863852,
      7.911210634289042,
      11.599311401356674,
      0.08508856886833586,
      0.9900551956144543,
      0.025351968375276424,
      1.834297998382618,
      1.8343012007987451,
      1.8343076055636942,
      1.8343204148243764,
      0.30934607998631314,
      0.7070953470075377,
      0.7071182144411097,
      0.7024227742887115,
      0.710947384042,
      0.1420439707268877,
      29.306112091614335,
      11.14888787295444,
      0.18097558399212185,
      4.456627243977135
    ],
    "feature_cols": [
      "precip_mm_3h",
      "rain_6h",
      "rain_12h",
      "rain_24h",
      "rain_48h",
      "rain_72h",
      "rain_delta",
      "rain_anomaly",
      "soil_moisture",
      "discharge_lag_3h",
      "discharge_lag_6h",
      "discharge_lag_12h",
      "discharge_lag_24h",
      "discharge_ratio",
      "hour_sin",
      "hour_cos",
      "month_sin",
      "month_cos",
      "typhoon_active",
      "typhoon_dist_km",
      "typhoon_wind_kmh",
      "typhoon_category",
      "hours_to_landfall"
    ]
  },
  "VN_CENTRAL": {
    "mean_": [
      0.7525888756328378,
      1.5051714466918888,
      3.010319481976228,
      6.020547125209855,
      12.040360345230278,
      18.059240148257423,
      6.304571452581583e-06,
      -0.030979334801850337,
      0.43062947102604027,
      4.706312053297112,
      4.706288303256686,
      4.706240803175835,
      4.706145803014133,
      0.22200707423282562,
      6.411222899552665e-17,
      3.2340480579456044e-05,
      -0.03395401571091733,
      -0.001785525550047984,
      0.04420943695223311,
      590.8640821326389,
      2.808890398111316,
      0.028750687235212315,
      22.897642378965752
    ],